movieId,clean_title,year,tone,theme,plot_structure,historical_period,movie_type,inference_confidence
318,"Shawshank Redemption, The",1994,DarkTone|RomanticTone,Freedom|Redemption|Family,LinearNarrative,Historical,FeatureFilm,0.7333333333333334
858,"Godfather, The",1972,DramaticTone|DarkTone,Family|Revenge|Justice,LinearNarrative,Historical,FeatureFilm,0.7333333333333334
2959,Fight Club,1999,DramaticTone,Justice|Identity|Family,LinearNarrative,Historical,FeatureFilm,0.7666666666666666
1276,Cool Hand Luke,1967,DramaticTone,Family|Freedom|Love,LinearNarrative,Historical,FeatureFilm,0.7666666666666666
750,Dr. Strangelove or: How I Learned to Stop Worrying and Love the Bomb,1964,ComedyTone,Love,EpisodicNarrative,Historical,FeatureFilm,0.7000000000000001
904,Rear Window,1954,SuspensefulTone,,NonLinearNarrative,Historical,FeatureFilm,0.5666666666666667
1221,"Godfather: Part II, The",1974,DarkTone,Revenge|Justice|Betrayal,LinearNarrative,Historical,FeatureFilm,0.7666666666666666
48516,"Departed, The",2006,SuspensefulTone|DramaticTone,,LinearNarrative,Contemporary,FeatureFilm,0.5333333333333333
1213,Goodfellas,1990,DarkTone,Family,LinearNarrative,Historical,FeatureFilm,0.7000000000000001
912,Casablanca,1942,RomanticTone,Power|Freedom|Love,LinearNarrative,Historical,FeatureFilm,0.7666666666666666
58559,"Dark Knight, The",2008,DarkTone|DramaticTone,Identity|Power,LinearNarrative,Contemporary,FeatureFilm,0.7000000000000001
50,"Usual Suspects, The",1995,DarkTone|SuspensefulTone,Power,NonLinearNarrative,Historical,FeatureFilm,0.6666666666666666
1197,"Princess Bride, The",1987,RomanticTone,Family|Revenge|Identity,LinearNarrative,Historical,FeatureFilm,0.7666666666666666
260,Star Wars: Episode IV - A New Hope,1977,SuspensefulTone,Freedom|Power,LinearNarrative,Historical,FeatureFilm,0.7333333333333334
527,Schindler's List,1993,DramaticTone,Justice,LinearNarrative,Historical,FeatureFilm,0.7000000000000001
1208,Apocalypse Now,1979,DarkTone,,LinearNarrative,Historical,FeatureFilm,0.5666666666666667
2329,American History X,1998,RomanticTone,Family|Power|Love,LinearNarrative,Historical,FeatureFilm,0.7666666666666666
1196,Star Wars: Episode V - The Empire Strikes Back,1980,SuspensefulTone,,LinearNarrative,Historical,FeatureFilm,0.5666666666666667
1252,Chinatown,1974,SuspensefulTone|DarkTone,Family,LinearNarrative,Historical,FeatureFilm,0.6666666666666666
1198,Raiders of the Lost Ark (Indiana Jones and the Raiders of the Lost Ark),1981,DramaticTone,,LinearNarrative,Historical,FeatureFilm,0.5666666666666667
1193,One Flew Over the Cuckoo's Nest,1975,DramaticTone,Family,LinearNarrative,Historical,FeatureFilm,0.7000000000000001
1089,Reservoir Dogs,1992,SuspensefulTone,Betrayal|Freedom,NonLinearNarrative,Historical,FeatureFilm,0.7333333333333334
296,Pulp Fiction,1994,DramaticTone,Redemption,NonLinearNarrative,Historical,FeatureFilm,0.7000000000000001
2571,"Matrix, The",1999,SuspensefulTone,Family,LinearNarrative,Historical,FeatureFilm,0.7000000000000001
2019,Seven Samurai (Shichinin no samurai),1954,DarkTone|RomanticTone,Love,LinearNarrative,Historical,FeatureFilm,0.6666666666666666
1225,Amadeus,1984,DramaticTone,Love,LinearNarrative,Historical,FeatureFilm,0.7000000000000001
908,North by Northwest,1959,RomanticTone|SuspensefulTone,Love|Identity|Betrayal,LinearNarrative,Historical,FeatureFilm,0.7333333333333334
4973,"Amelie (Fabuleux destin d'Amélie Poulain, Le)",2001,RomanticTone,Love|Family|Identity,LinearNarrative,Contemporary,FeatureFilm,0.7666666666666666
1199,Brazil,1985,ComedyTone,,LinearNarrative,Historical,FeatureFilm,0.5666666666666667
356,Forrest Gump,1994,ComedyTone|RomanticTone,Family|Justice|Love,EpisodicNarrative,Historical,FeatureFilm,0.7333333333333334
1136,Monty Python and the Holy Grail,1975,ComedyTone,Family,LinearNarrative,Historical,FeatureFilm,0.7000000000000001
593,"Silence of the Lambs, The",1991,DarkTone,Identity,LinearNarrative,Historical,FeatureFilm,0.7000000000000001
7361,Eternal Sunshine of the Spotless Mind,2004,RomanticTone,Love|Identity,NonLinearNarrative,Contemporary,FeatureFilm,0.7333333333333334
4011,Snatch,2000,ComedyTone,Power,EpisodicNarrative,Contemporary,FeatureFilm,0.7000000000000001
5618,Spirited Away (Sen to Chihiro no kamikakushi),2001,DarkTone|RomanticTone,Love,LinearNarrative,Contemporary,FeatureFilm,0.6666666666666666
1203,12 Angry Men,1957,DramaticTone,Justice,LinearNarrative,Historical,FeatureFilm,0.7000000000000001
3147,"Green Mile, The",1999,DarkTone,Family|Power,LinearNarrative,Historical,FeatureFilm,0.7333333333333334
2324,Life Is Beautiful (La Vita è bella),1997,ComedyTone|DarkTone,Family|Love,EpisodicNarrative,Historical,FeatureFilm,0.7000000000000001
6016,City of God (Cidade de Deus),2002,SuspensefulTone,,LinearNarrative,Contemporary,FeatureFilm,0.5666666666666667
2028,Saving Private Ryan,1998,SuspensefulTone,,LinearNarrative,Historical,FeatureFilm,0.5666666666666667
1201,"Good, the Bad and the Ugly, The (Buono, il brutto, il cattivo, Il)",1966,SuspensefulTone,Justice,LinearNarrative,Historical,FeatureFilm,0.7000000000000001
1210,Star Wars: Episode VI - Return of the Jedi,1983,RomanticTone,Family|Love,LinearNarrative,Historical,FeatureFilm,0.7333333333333334
68157,Inglourious Basterds,2009,SuspensefulTone,,LinearNarrative,Contemporary,FeatureFilm,0.5666666666666667
4226,Memento,2000,SuspensefulTone,Revenge|Identity,NonLinearNarrative,Contemporary,FeatureFilm,0.7333333333333334
1207,To Kill a Mockingbird,1962,DramaticTone|RomanticTone,Justice|Family|Love,LinearNarrative,Historical,FeatureFilm,0.7333333333333334
7153,"Lord of the Rings: The Return of the King, The",2003,DarkTone|SuspensefulTone,Family|Power,LinearNarrative,Contemporary,FeatureFilm,0.7000000000000001
608,Fargo,1996,DarkTone,,EpisodicNarrative,Historical,FeatureFilm,0.5666666666666667
78499,Toy Story 3,2010,DramaticTone,Family|Freedom,LinearNarrative,Contemporary,FeatureFilm,0.7333333333333334
4993,"Lord of the Rings: The Fellowship of the Ring, The",2001,RomanticTone,Love,LinearNarrative,Contemporary,FeatureFilm,0.7000000000000001
111,Taxi Driver,1976,DarkTone,,LinearNarrative,Historical,FeatureFilm,0.5666666666666667
541,Blade Runner,1982,SuspensefulTone|DarkTone,,LinearNarrative,Historical,FeatureFilm,0.5333333333333333
1222,Full Metal Jacket,1987,DarkTone,,LinearNarrative,Historical,FeatureFilm,0.5666666666666667
2502,Office Space,1999,ComedyTone|RomanticTone,Family|Love,EpisodicNarrative,Historical,FeatureFilm,0.7000000000000001
1258,"Shining, The",1980,SuspensefulTone,Family|Power|Love,LinearNarrative,Historical,FeatureFilm,0.7666666666666666
1704,Good Will Hunting,1997,ComedyTone,Justice,NonLinearNarrative,Historical,FeatureFilm,0.7000000000000001
899,Singin' in the Rain,1952,RomanticTone,Family,EpisodicNarrative,Historical,FeatureFilm,0.7000000000000001
79132,Inception,2010,DramaticTone,Identity,LinearNarrative,Contemporary,FeatureFilm,0.7000000000000001
1247,"Graduate, The",1967,RomanticTone,Family|Love,EpisodicNarrative,Historical,FeatureFilm,0.7333333333333334
1617,L.A. Confidential,1997,DarkTone,Power,LinearNarrative,Historical,FeatureFilm,0.7000000000000001
60069,WALL·E,2008,RomanticTone,,LinearNarrative,Contemporary,FeatureFilm,0.5666666666666667
2858,American Beauty,1999,RomanticTone,Love|Justice|Family,LinearNarrative,Historical,FeatureFilm,0.7666666666666666
2542,"Lock, Stock & Two Smoking Barrels",1998,ComedyTone,,EpisodicNarrative,Historical,FeatureFilm,0.5666666666666667
112852,Guardians of the Galaxy,2014,SuspensefulTone,,LinearNarrative,Contemporary,FeatureFilm,0.5666666666666667
1291,Indiana Jones and the Last Crusade,1989,RomanticTone,Family|Love,LinearNarrative,Historical,FeatureFilm,0.7333333333333334
923,Citizen Kane,1941,DramaticTone,Family,NonLinearNarrative,Historical,FeatureFilm,0.7000000000000001
81845,"King's Speech, The",2010,DramaticTone,Family|Love,LinearNarrative,Contemporary,FeatureFilm,0.7333333333333334
778,Trainspotting,1996,DarkTone|ComedyTone,,EpisodicNarrative,Historical,FeatureFilm,0.5333333333333333
1215,Army of Darkness,1993,ComedyTone,Love,LinearNarrative,Historical,FeatureFilm,0.7000000000000001
1270,Back to the Future,1985,ComedyTone|RomanticTone,Identity|Love,LinearNarrative,Historical,FeatureFilm,0.7000000000000001
1219,Psycho,1960,SuspensefulTone|RomanticTone,Family|Justice|Identity,LinearNarrative,Historical,FeatureFilm,0.7333333333333334
1148,Wallace & Gromit: The Wrong Trousers,1993,RomanticTone,Betrayal|Power|Love,LinearNarrative,Historical,ShortFilm,0.7666666666666666
953,It's a Wonderful Life,1946,DramaticTone,Family,NonLinearNarrative,Historical,FeatureFilm,0.7000000000000001
6711,Lost in Translation,2003,RomanticTone,Family|Love,EpisodicNarrative,Contemporary,FeatureFilm,0.7333333333333334
110,Braveheart,1995,DramaticTone,Power|Love,LinearNarrative,Historical,FeatureFilm,0.7333333333333334
903,Vertigo,1958,DarkTone|SuspensefulTone,Family|Love,LinearNarrative,Historical,FeatureFilm,0.7000000000000001
74458,Shutter Island,2010,SuspensefulTone,Family,LinearNarrative,Contemporary,FeatureFilm,0.7000000000000001
5952,"Lord of the Rings: The Two Towers, The",2002,DarkTone,Family,LinearNarrative,Contemporary,FeatureFilm,0.7000000000000001
116797,The Imitation Game,2014,DramaticTone|SuspensefulTone,,LinearNarrative,Contemporary,FeatureFilm,0.5333333333333333
293,Léon: The Professional (a.k.a. The Professional) (Léon),1994,SuspensefulTone|DarkTone,Love|Revenge|Family,LinearNarrative,Historical,FeatureFilm,0.7333333333333334
1288,This Is Spinal Tap,1984,ComedyTone,,EpisodicNarrative,Historical,FeatureFilm,0.5666666666666667
910,Some Like It Hot,1959,ComedyTone,Identity|Betrayal|Family,LinearNarrative,Historical,FeatureFilm,0.7666666666666666
8874,Shaun of the Dead,2004,ComedyTone,Survival|Love,EpisodicNarrative,Contemporary,FeatureFilm,0.7333333333333334
48780,"Prestige, The",2006,DramaticTone,,LinearNarrative,Contemporary,FeatureFilm,0.5666666666666667
1259,Stand by Me,1986,DramaticTone,,NonLinearNarrative,Historical,FeatureFilm,0.5666666666666667
1387,Jaws,1975,SuspensefulTone,Family,LinearNarrative,Historical,FeatureFilm,0.7000000000000001
68954,Up,2009,DramaticTone,Family,LinearNarrative,Contemporary,FeatureFilm,0.7000000000000001
4995,"Beautiful Mind, A",2001,DramaticTone,Identity|Family|Love,LinearNarrative,Contemporary,FeatureFilm,0.7666666666666666
2692,Run Lola Run (Lola rennt),1998,SuspensefulTone,Family,LinearNarrative,Historical,FeatureFilm,0.7000000000000001
51255,Hot Fuzz,2007,ComedyTone,,LinearNarrative,Contemporary,FeatureFilm,0.5666666666666667
134130,The Martian,2015,DramaticTone|ComedyTone,Survival,LinearNarrative,Contemporary,FeatureFilm,0.6666666666666666
1206,"Clockwork Orange, A",1971,ComedyTone|DarkTone,Love,LinearNarrative,Historical,FeatureFilm,0.6666666666666666
91529,"Dark Knight Rises, The",2012,DramaticTone,Identity,LinearNarrative,Contemporary,FeatureFilm,0.7000000000000001
109487,Interstellar,2014,DramaticTone|RomanticTone,Family|Love,LinearNarrative,Contemporary,FeatureFilm,0.7000000000000001
1278,Young Frankenstein,1974,ComedyTone,,EpisodicNarrative,Historical,FeatureFilm,0.5666666666666667
457,"Fugitive, The",1993,SuspensefulTone,Betrayal|Family|Power,NonLinearNarrative,Historical,FeatureFilm,0.7666666666666666
1394,Raising Arizona,1987,DramaticTone,Family|Love,LinearNarrative,Historical,FeatureFilm,0.7333333333333334
81834,Harry Potter and the Deathly Hallows: Part 1,2010,DramaticTone,Power|Freedom,LinearNarrative,Contemporary,FeatureFilm,0.7333333333333334
1090,Platoon,1986,DramaticTone|SuspensefulTone,Family,LinearNarrative,Historical,FeatureFilm,0.6666666666666666
32,Twelve Monkeys (a.k.a. 12 Monkeys),1995,SuspensefulTone,Identity|Family|Freedom,NonLinearNarrative,Historical,FeatureFilm,0.7666666666666666
4878,Donnie Darko,2001,DramaticTone|RomanticTone,Family|Love,LinearNarrative,Contemporary,FeatureFilm,0.7000000000000001
1234,"Sting, The",1973,ComedyTone,,EpisodicNarrative,Historical,FeatureFilm,0.5666666666666667
47,Seven (a.k.a. Se7en),1995,SuspensefulTone,,NonLinearNarrative,Historical,FeatureFilm,0.5666666666666667
6502,28 Days Later,2002,DarkTone,Survival|Family,LinearNarrative,Contemporary,FeatureFilm,0.7333333333333334
2804,"Christmas Story, A",1983,ComedyTone,Family,LinearNarrative,Historical,FeatureFilm,0.7000000000000001
589,Terminator 2: Judgment Day,1991,DarkTone,,LinearNarrative,Historical,FeatureFilm,0.5666666666666667
1214,Alien,1979,DarkTone,,LinearNarrative,Historical,FeatureFilm,0.5666666666666667
1884,Fear and Loathing in Las Vegas,1998,ComedyTone|DarkTone,Justice|Identity,LinearNarrative,Historical,FeatureFilm,0.7000000000000001
1200,Aliens,1986,DarkTone,Justice,LinearNarrative,Historical,FeatureFilm,0.7000000000000001
6874,Kill Bill: Vol. 1,2003,SuspensefulTone,Revenge,LinearNarrative,Contemporary,FeatureFilm,0.7000000000000001
6377,Finding Nemo,2003,DramaticTone|RomanticTone,Family|Identity|Love,NonLinearNarrative,Contemporary,FeatureFilm,0.7333333333333334
1246,Dead Poets Society,1989,DramaticTone,,LinearNarrative,Historical,FeatureFilm,0.5666666666666667
3000,Princess Mononoke (Mononoke-hime),1997,SuspensefulTone,Justice,LinearNarrative,Historical,FeatureFilm,0.7000000000000001
2997,Being John Malkovich,1999,RomanticTone,Identity|Power|Love,EpisodicNarrative,Historical,FeatureFilm,0.7666666666666666
1653,Gattaca,1997,RomanticTone,Identity|Love,LinearNarrative,Historical,FeatureFilm,0.7333333333333334
6,Heat,1995,DarkTone,Betrayal,LinearNarrative,Historical,FeatureFilm,0.7000000000000001
2076,Blue Velvet,1986,DarkTone|SuspensefulTone,,LinearNarrative,Historical,FeatureFilm,0.5333333333333333
48774,Children of Men,2006,SuspensefulTone,Survival|Family,LinearNarrative,Contemporary,FeatureFilm,0.7333333333333334
49272,Casino Royale,2006,SuspensefulTone,,LinearNarrative,Contemporary,FeatureFilm,0.5666666666666667
1265,Groundhog Day,1993,ComedyTone,,EpisodicNarrative,Historical,FeatureFilm,0.5666666666666667
99114,Django Unchained,2012,SuspensefulTone,Revenge|Freedom,LinearNarrative,Contemporary,FeatureFilm,0.7333333333333334
1304,Butch Cassidy and the Sundance Kid,1969,SuspensefulTone,Freedom,LinearNarrative,Historical,FeatureFilm,0.7000000000000001
76093,How to Train Your Dragon,2010,RomanticTone|ComedyTone,Power,LinearNarrative,Contemporary,FeatureFilm,0.6666666666666666
364,"Lion King, The",1994,DramaticTone,Family|Redemption|Love,LinearNarrative,Historical,FeatureFilm,0.7666666666666666
34405,Serenity,2005,SuspensefulTone,Family,LinearNarrative,Contemporary,FeatureFilm,0.7000000000000001
2194,"Untouchables, The",1987,SuspensefulTone,,LinearNarrative,Historical,FeatureFilm,0.5666666666666667
3578,Gladiator,2000,RomanticTone,Revenge|Freedom|Love,LinearNarrative,Historical,FeatureFilm,0.7666666666666666
1035,"Sound of Music, The",1965,RomanticTone,Freedom|Love,LinearNarrative,Historical,FeatureFilm,0.7333333333333334
3671,Blazing Saddles,1974,ComedyTone,,EpisodicNarrative,Historical,FeatureFilm,0.5666666666666667
4262,Scarface,1983,RomanticTone|DramaticTone,Power|Love|Family,LinearNarrative,Historical,FeatureFilm,0.7333333333333334
1080,Monty Python's Life of Brian,1979,ComedyTone,Family|Love,EpisodicNarrative,Historical,FeatureFilm,0.7333333333333334
16,Casino,1995,DarkTone,Power|Love,LinearNarrative,Historical,FeatureFilm,0.7333333333333334
1732,"Big Lebowski, The",1998,ComedyTone|DarkTone,Family,EpisodicNarrative,Historical,FeatureFilm,0.6666666666666666
1079,"Fish Called Wanda, A",1988,ComedyTone,Justice,EpisodicNarrative,Historical,FeatureFilm,0.7000000000000001
3949,Requiem for a Dream,2000,DramaticTone|RomanticTone,Justice|Power|Love,LinearNarrative,Contemporary,FeatureFilm,0.7333333333333334
5989,Catch Me If You Can,2002,RomanticTone,Betrayal,LinearNarrative,Contemporary,FeatureFilm,0.7000000000000001
1,Toy Story,1995,ComedyTone,,LinearNarrative,Historical,FeatureFilm,0.5666666666666667
106782,"Wolf of Wall Street, The",2013,DramaticTone,Family|Power,LinearNarrative,Contemporary,FeatureFilm,0.7333333333333334
8368,Harry Potter and the Prisoner of Azkaban,2004,DramaticTone,,LinearNarrative,Contemporary,FeatureFilm,0.5666666666666667
88125,Harry Potter and the Deathly Hallows: Part 2,2011,DramaticTone,,LinearNarrative,Contemporary,FeatureFilm,0.5666666666666667
7143,"Last Samurai, The",2003,DramaticTone,Identity|Family|Love,LinearNarrative,Contemporary,FeatureFilm,0.7666666666666666
4034,Traffic,2000,RomanticTone,Family|Justice|Love,LinearNarrative,Contemporary,FeatureFilm,0.7666666666666666
55820,No Country for Old Men,2007,DarkTone|DramaticTone,Justice,LinearNarrative,Contemporary,FeatureFilm,0.6666666666666666
1240,"Terminator, The",1984,DarkTone|SuspensefulTone,,LinearNarrative,Historical,FeatureFilm,0.5333333333333333
745,Wallace & Gromit: A Close Shave,1995,RomanticTone,Love|Family,LinearNarrative,Historical,ShortFilm,0.7333333333333334
924,2001: A Space Odyssey,1968,SuspensefulTone,,LinearNarrative,Historical,FeatureFilm,0.5666666666666667
2762,"Sixth Sense, The",1999,DramaticTone,Love|Family,LinearNarrative,Historical,FeatureFilm,0.7333333333333334
33166,Crash,2004,DarkTone,Family|Power,EpisodicNarrative,Contemporary,FeatureFilm,0.7333333333333334
69844,Harry Potter and the Half-Blood Prince,2009,DramaticTone|RomanticTone,Identity|Family|Love,NonLinearNarrative,Contemporary,FeatureFilm,0.7333333333333334
1028,Mary Poppins,1964,DramaticTone|RomanticTone,Family|Love,LinearNarrative,Historical,FeatureFilm,0.7000000000000001
80463,"Social Network, The",2010,DramaticTone,Family,LinearNarrative,Contemporary,FeatureFilm,0.7000000000000001
44191,V for Vendetta,2006,SuspensefulTone,Revenge|Family,LinearNarrative,Contemporary,FeatureFilm,0.7333333333333334
46578,Little Miss Sunshine,2006,DramaticTone|RomanticTone,Family|Love,LinearNarrative,Contemporary,FeatureFilm,0.7000000000000001
919,"Wizard of Oz, The",1939,DramaticTone,Identity,LinearNarrative,Historical,FeatureFilm,0.7000000000000001
1356,Star Trek: First Contact,1996,SuspensefulTone,,LinearNarrative,Historical,FeatureFilm,0.5666666666666667
71535,Zombieland,2009,ComedyTone,Survival|Family|Love,LinearNarrative,Contemporary,FeatureFilm,0.7666666666666666
1073,Willy Wonka & the Chocolate Factory,1971,DramaticTone|RomanticTone,Family|Love,LinearNarrative,Historical,FeatureFilm,0.7000000000000001
1610,"Hunt for Red October, The",1990,SuspensefulTone,,LinearNarrative,Historical,FeatureFilm,0.5666666666666667
4886,"Monsters, Inc.",2001,DramaticTone|ComedyTone,Family,LinearNarrative,Contemporary,FeatureFilm,0.6666666666666666
1230,Annie Hall,1977,RomanticTone|ComedyTone,Family|Love,EpisodicNarrative,Historical,FeatureFilm,0.7000000000000001
89745,"Avengers, The",2012,SuspensefulTone,,LinearNarrative,Contemporary,FeatureFilm,0.5666666666666667
7438,Kill Bill: Vol. 2,2004,RomanticTone,Family|Revenge|Justice,LinearNarrative,Contemporary,FeatureFilm,0.7666666666666666
50872,Ratatouille,2007,RomanticTone,Family|Love,LinearNarrative,Contemporary,FeatureFilm,0.7333333333333334
4306,Shrek,2001,ComedyTone,Family|Freedom,LinearNarrative,Contemporary,FeatureFilm,0.7333333333333334
3897,Almost Famous,2000,DramaticTone,Family,LinearNarrative,Contemporary,FeatureFilm,0.7000000000000001
68358,Star Trek,2009,SuspensefulTone,,LinearNarrative,Contemporary,FeatureFilm,0.5666666666666667
54503,Superbad,2007,ComedyTone,,EpisodicNarrative,Contemporary,FeatureFilm,0.5666666666666667
1036,Die Hard,1988,RomanticTone,Love,LinearNarrative,Historical,FeatureFilm,0.7000000000000001
33794,Batman Begins,2005,DramaticTone,Identity|Justice|Power,NonLinearNarrative,Contemporary,FeatureFilm,0.7666666666666666
54001,Harry Potter and the Order of the Phoenix,2007,DramaticTone|RomanticTone,Justice|Love,LinearNarrative,Contemporary,FeatureFilm,0.7000000000000001
2700,"South Park: Bigger, Longer and Uncut",1999,DramaticTone,,LinearNarrative,Historical,FeatureFilm,0.5666666666666667
3114,Toy Story 2,1999,DramaticTone,Identity|Family,LinearNarrative,Historical,FeatureFilm,0.7333333333333334
1307,When Harry Met Sally...,1989,RomanticTone,Family|Love,EpisodicNarrative,Historical,FeatureFilm,0.7333333333333334
32587,Sin City,2005,DarkTone,Family,EpisodicNarrative,Contemporary,FeatureFilm,0.7000000000000001
2791,Airplane!,1980,ComedyTone,Justice|Family|Power,EpisodicNarrative,Historical,FeatureFilm,0.7666666666666666
223,Clerks,1994,ComedyTone,Family,EpisodicNarrative,Historical,FeatureFilm,0.7000000000000001
73017,Sherlock Holmes,2009,SuspensefulTone,,LinearNarrative,Contemporary,FeatureFilm,0.5666666666666667
1921,Pi,1998,SuspensefulTone,Redemption,LinearNarrative,Historical,FeatureFilm,0.7000000000000001
30707,Million Dollar Baby,2004,DarkTone,,LinearNarrative,Contemporary,FeatureFilm,0.5666666666666667
150,Apollo 13,1995,DramaticTone,Survival,LinearNarrative,Historical,FeatureFilm,0.7000000000000001
4963,Ocean's Eleven,2001,DarkTone,,LinearNarrative,Contemporary,FeatureFilm,0.5666666666666667
4848,Mulholland Drive,2001,DarkTone,Identity,NonLinearNarrative,Contemporary,FeatureFilm,0.7000000000000001
1358,Sling Blade,1996,DramaticTone,Family,LinearNarrative,Historical,FeatureFilm,0.7000000000000001
2947,Goldfinger,1964,SuspensefulTone,,LinearNarrative,Historical,FeatureFilm,0.5666666666666667
2918,Ferris Bueller's Day Off,1986,ComedyTone,,EpisodicNarrative,Historical,FeatureFilm,0.5666666666666667
3996,"Crouching Tiger, Hidden Dragon (Wo hu cang long)",2000,SuspensefulTone,Revenge,LinearNarrative,Contemporary,FeatureFilm,0.7000000000000001
8961,"Incredibles, The",2004,RomanticTone,Identity|Family|Power,LinearNarrative,Contemporary,FeatureFilm,0.7666666666666666
36,Dead Man Walking,1995,DramaticTone,Justice|Family|Identity,LinearNarrative,Historical,FeatureFilm,0.7666666666666666
590,Dances with Wolves,1990,DramaticTone,Identity|Family|Power,LinearNarrative,Historical,FeatureFilm,0.7666666666666666
7147,Big Fish,2003,RomanticTone,Love,LinearNarrative,Contemporary,FeatureFilm,0.7000000000000001
122904,Deadpool,2016,ComedyTone,Family,LinearNarrative,Contemporary,FeatureFilm,0.7000000000000001
2078,"Jungle Book, The",1967,RomanticTone,Love,LinearNarrative,Historical,FeatureFilm,0.7000000000000001
1954,Rocky,1976,RomanticTone,Love,LinearNarrative,Historical,FeatureFilm,0.7000000000000001
3552,Caddyshack,1980,ComedyTone,,EpisodicNarrative,Historical,FeatureFilm,0.5666666666666667
59315,Iron Man,2008,SuspensefulTone,,LinearNarrative,Contemporary,FeatureFilm,0.5666666666666667
1748,Dark City,1998,SuspensefulTone|DarkTone,Identity|Love,LinearNarrative,Historical,FeatureFilm,0.7000000000000001
122882,Mad Max: Fury Road,2015,SuspensefulTone,Survival,LinearNarrative,Contemporary,FeatureFilm,0.7000000000000001
5418,"Bourne Identity, The",2002,SuspensefulTone,Identity|Family|Power,LinearNarrative,Contemporary,FeatureFilm,0.7666666666666666
40815,Harry Potter and the Goblet of Fire,2005,DramaticTone,,LinearNarrative,Contemporary,FeatureFilm,0.5666666666666667
553,Tombstone,1993,SuspensefulTone,Justice,LinearNarrative,Historical,FeatureFilm,0.7000000000000001
48394,"Pan's Labyrinth (Laberinto del fauno, El)",2006,DarkTone,,LinearNarrative,Contemporary,FeatureFilm,0.5666666666666667
4239,Blow,2001,SuspensefulTone|DramaticTone,,LinearNarrative,Contemporary,FeatureFilm,0.5333333333333333
1682,"Truman Show, The",1998,SuspensefulTone,Betrayal|Family|Freedom,EpisodicNarrative,Historical,FeatureFilm,0.7666666666666666
5010,Black Hawk Down,2001,SuspensefulTone,Family,LinearNarrative,Contemporary,FeatureFilm,0.7000000000000001
96079,Skyfall,2012,DramaticTone|SuspensefulTone,Family,LinearNarrative,Contemporary,FeatureFilm,0.6666666666666666
63082,Slumdog Millionaire,2008,DarkTone,,LinearNarrative,Contemporary,FeatureFilm,0.5666666666666667
1220,"Blues Brothers, The",1980,SuspensefulTone,Family,LinearNarrative,Historical,FeatureFilm,0.7000000000000001
4027,"O Brother, Where Art Thou?",2000,DramaticTone,Family,LinearNarrative,Contemporary,FeatureFilm,0.7000000000000001
1961,Rain Man,1988,DramaticTone,Identity|Love,NonLinearNarrative,Historical,FeatureFilm,0.7333333333333334
8636,Spider-Man 2,2004,RomanticTone,Love|Identity|Family,LinearNarrative,Contemporary,FeatureFilm,0.7666666666666666
2529,Planet of the Apes,1968,SuspensefulTone,Survival|Freedom,LinearNarrative,Historical,FeatureFilm,0.7333333333333334
1997,"Exorcist, The",1973,DramaticTone,,LinearNarrative,Historical,FeatureFilm,0.5666666666666667
555,True Romance,1993,RomanticTone|SuspensefulTone,Love,LinearNarrative,Historical,FeatureFilm,0.6666666666666666
4776,Training Day,2001,DarkTone,Power,LinearNarrative,Contemporary,FeatureFilm,0.7000000000000001
588,Aladdin,1992,ComedyTone|RomanticTone,Love,LinearNarrative,Historical,FeatureFilm,0.6666666666666666
30749,Hotel Rwanda,2004,ComedyTone,,LinearNarrative,Contemporary,FeatureFilm,0.5666666666666667
2268,"Few Good Men, A",1992,SuspensefulTone,Justice,NonLinearNarrative,Historical,FeatureFilm,0.7000000000000001
3535,American Psycho,2000,ComedyTone|DarkTone,Family|Power,LinearNarrative,Contemporary,FeatureFilm,0.7000000000000001
6942,Love Actually,2003,RomanticTone,Family|Love,EpisodicNarrative,Contemporary,FeatureFilm,0.7333333333333334
8665,"Bourne Supremacy, The",2004,SuspensefulTone,Identity|Family,NonLinearNarrative,Contemporary,FeatureFilm,0.7333333333333334
1282,Fantasia,1940,DramaticTone,Family,LinearNarrative,Historical,FeatureFilm,0.7000000000000001
333,Tommy Boy,1995,ComedyTone,,EpisodicNarrative,Historical,FeatureFilm,0.5666666666666667
109374,"Grand Budapest Hotel, The",2014,ComedyTone,Love,EpisodicNarrative,Contemporary,FeatureFilm,0.7000000000000001
1968,"Breakfast Club, The",1985,ComedyTone,Family,EpisodicNarrative,Historical,FeatureFilm,0.7000000000000001
6539,Pirates of the Caribbean: The Curse of the Black Pearl,2003,ComedyTone,Family,LinearNarrative,Contemporary,FeatureFilm,0.7000000000000001
2396,Shakespeare in Love,1998,RomanticTone,Love,EpisodicNarrative,Historical,FeatureFilm,0.7000000000000001
70286,District 9,2009,SuspensefulTone|DramaticTone,,NonLinearNarrative,Contemporary,FeatureFilm,0.5333333333333333
17,Sense and Sensibility,1995,DramaticTone|RomanticTone,Love,LinearNarrative,Historical,FeatureFilm,0.6666666666666666
5669,Bowling for Columbine,2002,ComedyTone,Family|Power,EpisodicNarrative,Contemporary,Documentary,0.7333333333333334
2716,Ghostbusters (a.k.a. Ghost Busters),1984,SuspensefulTone,Family|Power,LinearNarrative,Historical,FeatureFilm,0.7333333333333334
8641,Anchorman: The Legend of Ron Burgundy,2004,ComedyTone,,EpisodicNarrative,Contemporary,FeatureFilm,0.5666666666666667
595,Beauty and the Beast,1991,RomanticTone,,LinearNarrative,Historical,FeatureFilm,0.5666666666666667
56367,Juno,2007,ComedyTone,Family,EpisodicNarrative,Contemporary,FeatureFilm,0.7000000000000001
1097,E.T. the Extra-Terrestrial,1982,DramaticTone|RomanticTone,Justice|Family|Love,LinearNarrative,Historical,FeatureFilm,0.7333333333333334
337,What's Eating Gilbert Grape,1993,DramaticTone|RomanticTone,Family|Love,LinearNarrative,Historical,FeatureFilm,0.7000000000000001
1374,Star Trek II: The Wrath of Khan,1982,DarkTone|RomanticTone,Revenge|Love,LinearNarrative,Historical,FeatureFilm,0.7000000000000001
49530,Blood Diamond,2006,DarkTone|RomanticTone,Freedom|Family|Love,LinearNarrative,Contemporary,FeatureFilm,0.7333333333333334
4896,Harry Potter and the Sorcerer's Stone (a.k.a. Harry Potter and the Philosopher's Stone),2001,DramaticTone,Family,LinearNarrative,Contemporary,FeatureFilm,0.7000000000000001
1641,"Full Monty, The",1997,ComedyTone,Family,EpisodicNarrative,Historical,FeatureFilm,0.7000000000000001
480,Jurassic Park,1993,SuspensefulTone,,LinearNarrative,Historical,FeatureFilm,0.5666666666666667
1527,"Fifth Element, The",1997,SuspensefulTone,,LinearNarrative,Historical,FeatureFilm,0.5666666666666667
3471,Close Encounters of the Third Kind,1977,DramaticTone,Family|Justice,LinearNarrative,Historical,FeatureFilm,0.7333333333333334
1466,Donnie Brasco,1997,RomanticTone,Love,LinearNarrative,Historical,FeatureFilm,0.7000000000000001
1275,Highlander,1986,SuspensefulTone,Family|Power,LinearNarrative,Historical,FeatureFilm,0.7333333333333334
5991,Chicago,2002,ComedyTone,Justice|Family,EpisodicNarrative,Contemporary,FeatureFilm,0.7333333333333334
6333,X2: X-Men United,2003,SuspensefulTone,Family,LinearNarrative,Contemporary,FeatureFilm,0.7000000000000001
2797,Big,1988,ComedyTone|RomanticTone,Love,EpisodicNarrative,Historical,FeatureFilm,0.6666666666666666
3160,Magnolia,1999,RomanticTone,Family|Love,LinearNarrative,Historical,FeatureFilm,0.7333333333333334
6870,Mystic River,2003,RomanticTone,Revenge|Justice|Identity,NonLinearNarrative,Contemporary,FeatureFilm,0.7666666666666666
8784,Garden State,2004,RomanticTone,Love,EpisodicNarrative,Contemporary,FeatureFilm,0.7000000000000001
62,Mr. Holland's Opus,1995,RomanticTone,Family|Love,LinearNarrative,Historical,FeatureFilm,0.7333333333333334
1625,"Game, The",1997,SuspensefulTone,Power,NonLinearNarrative,Historical,FeatureFilm,0.7000000000000001
4022,Cast Away,2000,DramaticTone,Survival|Love,LinearNarrative,Contemporary,FeatureFilm,0.7333333333333334
2291,Edward Scissorhands,1990,DramaticTone|RomanticTone,Love,NonLinearNarrative,Historical,FeatureFilm,0.6666666666666666
3793,X-Men,2000,SuspensefulTone,,LinearNarrative,Contemporary,FeatureFilm,0.5666666666666667
1784,As Good as It Gets,1997,RomanticTone,Family|Love|Justice,EpisodicNarrative,Historical,FeatureFilm,0.7666666666666666
1729,Jackie Brown,1997,DarkTone,,LinearNarrative,Historical,FeatureFilm,0.5666666666666667
54286,"Bourne Ultimatum, The",2007,SuspensefulTone,Identity|Family|Power,NonLinearNarrative,Contemporary,FeatureFilm,0.7666666666666666
3421,Animal House,1978,ComedyTone,Family,EpisodicNarrative,Historical,FeatureFilm,0.7000000000000001
474,In the Line of Fire,1993,SuspensefulTone,Family,LinearNarrative,Historical,FeatureFilm,0.7000000000000001
3911,Best in Show,2000,ComedyTone,Family|Power,EpisodicNarrative,Contemporary,FeatureFilm,0.7333333333333334
5218,Ice Age,2002,RomanticTone,Love,LinearNarrative,Contemporary,FeatureFilm,0.7000000000000001
4979,"Royal Tenenbaums, The",2001,DramaticTone,Redemption|Family,EpisodicNarrative,Contemporary,FeatureFilm,0.7333333333333334
51662,300,2007,DramaticTone,,LinearNarrative,Contemporary,FeatureFilm,0.5666666666666667
235,Ed Wood,1994,ComedyTone,Family,EpisodicNarrative,Historical,FeatureFilm,0.7000000000000001
1923,There's Something About Mary,1998,ComedyTone,,EpisodicNarrative,Historical,FeatureFilm,0.5666666666666667
2000,Lethal Weapon,1987,SuspensefulTone|ComedyTone,,LinearNarrative,Historical,FeatureFilm,0.5333333333333333
11,"American President, The",1995,RomanticTone,Family|Love,EpisodicNarrative,Historical,FeatureFilm,0.7333333333333334
3481,High Fidelity,2000,RomanticTone,Love,NonLinearNarrative,Contemporary,FeatureFilm,0.7000000000000001
2599,Election,1999,ComedyTone,Betrayal|Power,EpisodicNarrative,Historical,FeatureFilm,0.7333333333333334
52973,Knocked Up,2007,ComedyTone,Family,EpisodicNarrative,Contemporary,FeatureFilm,0.7000000000000001
2916,Total Recall,1990,SuspensefulTone,Identity,NonLinearNarrative,Historical,FeatureFilm,0.7000000000000001
1584,Contact,1997,DramaticTone,Justice,LinearNarrative,Historical,FeatureFilm,0.7000000000000001
34,Babe,1995,DramaticTone,Identity|Family,NonLinearNarrative,Historical,FeatureFilm,0.7333333333333334
2763,"Thomas Crown Affair, The",1999,SuspensefulTone,,LinearNarrative,Historical,FeatureFilm,0.5666666666666667
3052,Dogma,1999,ComedyTone,,LinearNarrative,Historical,FeatureFilm,0.5666666666666667
733,"Rock, The",1996,SuspensefulTone,Family|Freedom,LinearNarrative,Historical,FeatureFilm,0.7333333333333334
2115,Indiana Jones and the Temple of Doom,1984,SuspensefulTone,,LinearNarrative,Historical,FeatureFilm,0.5666666666666667
5445,Minority Report,2002,SuspensefulTone,Family|Love,LinearNarrative,Futuristic,FeatureFilm,0.7333333333333334
161,Crimson Tide,1995,SuspensefulTone,Power|Family,LinearNarrative,Historical,FeatureFilm,0.7333333333333334
69122,"Hangover, The",2009,DramaticTone|ComedyTone,Identity,NonLinearNarrative,Contemporary,FeatureFilm,0.6666666666666666
4720,"Others, The",2001,SuspensefulTone,,LinearNarrative,Contemporary,FeatureFilm,0.5666666666666667
25,Leaving Las Vegas,1995,DramaticTone,Family|Love,LinearNarrative,Historical,FeatureFilm,0.7333333333333334
4246,Bridget Jones's Diary,2001,RomanticTone,Family|Love|Justice,EpisodicNarrative,Contemporary,FeatureFilm,0.7666666666666666
6378,"Italian Job, The",2003,SuspensefulTone,Revenge|Family|Freedom,LinearNarrative,Contemporary,FeatureFilm,0.7666666666666666
594,Snow White and the Seven Dwarfs,1937,RomanticTone,Family|Love,LinearNarrative,Historical,FeatureFilm,0.7333333333333334
508,Philadelphia,1993,DramaticTone,Justice,LinearNarrative,Historical,FeatureFilm,0.7000000000000001
1500,Grosse Pointe Blank,1997,ComedyTone,,EpisodicNarrative,Historical,FeatureFilm,0.5666666666666667
353,"Crow, The",1994,DarkTone,Revenge|Justice|Family,LinearNarrative,Historical,FeatureFilm,0.7666666666666666
2640,Superman,1978,DarkTone,Identity|Power,LinearNarrative,Historical,FeatureFilm,0.7333333333333334
349,Clear and Present Danger,1994,SuspensefulTone,Family|Power,LinearNarrative,Historical,FeatureFilm,0.7333333333333334
72998,Avatar,2009,RomanticTone,Power|Love,LinearNarrative,Contemporary,FeatureFilm,0.7333333333333334
2144,Sixteen Candles,1984,RomanticTone,Love,EpisodicNarrative,Historical,FeatureFilm,0.7000000000000001
5816,Harry Potter and the Chamber of Secrets,2002,DramaticTone,,LinearNarrative,Contemporary,FeatureFilm,0.5666666666666667
1393,Jerry Maguire,1996,DramaticTone,Family,LinearNarrative,Historical,FeatureFilm,0.7000000000000001
4308,Moulin Rouge,2001,RomanticTone,Justice|Love,LinearNarrative,Contemporary,FeatureFilm,0.7333333333333334
3527,Predator,1987,SuspensefulTone,Survival,LinearNarrative,Historical,FeatureFilm,0.7000000000000001
3175,Galaxy Quest,1999,ComedyTone,,LinearNarrative,Historical,FeatureFilm,0.5666666666666667
1639,Chasing Amy,1997,RomanticTone,Love,EpisodicNarrative,Historical,FeatureFilm,0.7000000000000001
8360,Shrek 2,2004,DramaticTone,Family|Justice|Freedom,LinearNarrative,Contemporary,FeatureFilm,0.7666666666666666
2987,Who Framed Roger Rabbit?,1988,DarkTone|RomanticTone,Love,LinearNarrative,Historical,FeatureFilm,0.6666666666666666
2005,"Goonies, The",1985,SuspensefulTone,,LinearNarrative,Historical,FeatureFilm,0.5666666666666667
163,Desperado,1995,DarkTone|DramaticTone,Revenge,LinearNarrative,Historical,FeatureFilm,0.6666666666666666
165,Die Hard: With a Vengeance,1995,SuspensefulTone,Revenge,NonLinearNarrative,Historical,FeatureFilm,0.7000000000000001
551,"Nightmare Before Christmas, The",1993,DramaticTone,,LinearNarrative,Historical,FeatureFilm,0.5666666666666667
7293,50 First Dates,2004,RomanticTone,Identity|Betrayal|Love,NonLinearNarrative,Contemporary,FeatureFilm,0.7666666666666666
3751,Chicken Run,2000,SuspensefulTone,Freedom|Love,LinearNarrative,Contemporary,FeatureFilm,0.7333333333333334
35836,"40-Year-Old Virgin, The",2005,ComedyTone|RomanticTone,Love,EpisodicNarrative,Contemporary,FeatureFilm,0.6666666666666666
440,Dave,1993,ComedyTone,Family,EpisodicNarrative,Historical,FeatureFilm,0.7000000000000001
2395,Rushmore,1998,ComedyTone,Family,EpisodicNarrative,Historical,FeatureFilm,0.7000000000000001
112,Rumble in the Bronx (Hont faan kui),1995,RomanticTone,Revenge,LinearNarrative,Historical,FeatureFilm,0.7000000000000001
5349,Spider-Man,2002,RomanticTone,Identity|Love,LinearNarrative,Contemporary,FeatureFilm,0.7333333333333334
509,"Piano, The",1993,RomanticTone|DramaticTone,Love|Family|Survival,LinearNarrative,Historical,FeatureFilm,0.7333333333333334
225,Disclosure,1994,SuspensefulTone,Family,LinearNarrative,Historical,FeatureFilm,0.7000000000000001
648,Mission: Impossible,1996,SuspensefulTone,Identity,LinearNarrative,Historical,FeatureFilm,0.7000000000000001
1517,Austin Powers: International Man of Mystery,1997,ComedyTone,Power,LinearNarrative,Historical,FeatureFilm,0.7000000000000001
454,"Firm, The",1993,SuspensefulTone,Justice|Love,LinearNarrative,Historical,FeatureFilm,0.7333333333333334
377,Speed,1994,SuspensefulTone,,LinearNarrative,Historical,FeatureFilm,0.5666666666666667
3408,Erin Brockovich,2000,DramaticTone,Family|Justice,LinearNarrative,Contemporary,FeatureFilm,0.7333333333333334
2572,10 Things I Hate About You,1999,ComedyTone|RomanticTone,Family|Betrayal|Love,EpisodicNarrative,Historical,FeatureFilm,0.7333333333333334
4014,Chocolat,2000,RomanticTone,Love,LinearNarrative,Contemporary,FeatureFilm,0.7000000000000001
5464,Road to Perdition,2002,DarkTone,Revenge|Family,LinearNarrative,Contemporary,FeatureFilm,0.7333333333333334
357,Four Weddings and a Funeral,1994,RomanticTone,Love,EpisodicNarrative,Historical,FeatureFilm,0.7000000000000001
300,Quiz Show,1994,SuspensefulTone,Justice|Family,LinearNarrative,Historical,FeatureFilm,0.7333333333333334
5956,Gangs of New York,2002,DarkTone,Family,LinearNarrative,Contemporary,FeatureFilm,0.7000000000000001
1302,Field of Dreams,1989,DramaticTone,,LinearNarrative,Historical,FeatureFilm,0.5666666666666667
2355,"Bug's Life, A",1998,DramaticTone,,LinearNarrative,Historical,FeatureFilm,0.5666666666666667
77561,Iron Man 2,2010,SuspensefulTone,Revenge,LinearNarrative,Contemporary,FeatureFilm,0.7000000000000001
8464,Super Size Me,2004,ComedyTone,,EpisodicNarrative,Contemporary,FeatureFilm,0.5666666666666667
4816,Zoolander,2001,ComedyTone,Family,EpisodicNarrative,Contemporary,FeatureFilm,0.7000000000000001
70,From Dusk Till Dawn,1996,RomanticTone,Justice|Identity|Family,NonLinearNarrative,Historical,FeatureFilm,0.7666666666666666
34162,Wedding Crashers,2005,RomanticTone,Identity|Family,EpisodicNarrative,Contemporary,FeatureFilm,0.7333333333333334
45722,Pirates of the Caribbean: Dead Man's Chest,2006,ComedyTone,Family,LinearNarrative,Contemporary,FeatureFilm,0.7000000000000001
2011,Back to the Future Part II,1989,DramaticTone,,LinearNarrative,Historical,FeatureFilm,0.5666666666666667
368,Maverick,1994,ComedyTone,Family,LinearNarrative,Historical,FeatureFilm,0.7000000000000001
380,True Lies,1994,SuspensefulTone,,LinearNarrative,Historical,FeatureFilm,0.5666666666666667
10,GoldenEye,1995,SuspensefulTone,Identity,LinearNarrative,Historical,FeatureFilm,0.7000000000000001
21,Get Shorty,1995,ComedyTone,,EpisodicNarrative,Historical,FeatureFilm,0.5666666666666667
141,"Birdcage, The",1996,DramaticTone,,EpisodicNarrative,Historical,FeatureFilm,0.5666666666666667
2353,Enemy of the State,1998,SuspensefulTone,Justice,LinearNarrative,Historical,FeatureFilm,0.7000000000000001
8644,"I, Robot",2004,SuspensefulTone,Family|Love,LinearNarrative,Contemporary,FeatureFilm,0.7333333333333334
1580,Men in Black (a.k.a. MIB),1997,SuspensefulTone|ComedyTone,Identity|Power,LinearNarrative,Historical,FeatureFilm,0.7000000000000001
597,Pretty Woman,1990,RomanticTone,Freedom|Love,EpisodicNarrative,Historical,FeatureFilm,0.7333333333333334
56174,I Am Legend,2007,DarkTone,Survival,LinearNarrative,Contemporary,FeatureFilm,0.7000000000000001
2321,Pleasantville,1998,ComedyTone|RomanticTone,Family|Love,EpisodicNarrative,Historical,FeatureFilm,0.7000000000000001
3033,Spaceballs,1987,ComedyTone,,LinearNarrative,Historical,FeatureFilm,0.5666666666666667
3994,Unbreakable,2000,RomanticTone,Family|Love|Power,LinearNarrative,Contemporary,FeatureFilm,0.7666666666666666
1396,Sneakers,1992,SuspensefulTone,Family,LinearNarrative,Historical,FeatureFilm,0.7000000000000001
1127,"Abyss, The",1989,SuspensefulTone,Justice,LinearNarrative,Historical,FeatureFilm,0.7000000000000001
3081,Sleepy Hollow,1999,DramaticTone,,LinearNarrative,Historical,FeatureFilm,0.5666666666666667
3253,Wayne's World,1992,ComedyTone|RomanticTone,,EpisodicNarrative,Historical,FeatureFilm,0.5333333333333333
2174,Beetlejuice,1988,ComedyTone,,EpisodicNarrative,Historical,FeatureFilm,0.5666666666666667
539,Sleepless in Seattle,1993,RomanticTone,Love,LinearNarrative,Historical,FeatureFilm,0.7000000000000001
339,While You Were Sleeping,1995,RomanticTone,Family|Love,EpisodicNarrative,Historical,FeatureFilm,0.7333333333333334
2712,Eyes Wide Shut,1999,SuspensefulTone|RomanticTone,Love,LinearNarrative,Historical,FeatureFilm,0.6666666666666666
253,Interview with the Vampire: The Vampire Chronicles,1994,DramaticTone,Family,LinearNarrative,Historical,FeatureFilm,0.7000000000000001
2671,Notting Hill,1999,RomanticTone,Love,EpisodicNarrative,Historical,FeatureFilm,0.7000000000000001
2406,Romancing the Stone,1984,RomanticTone,Betrayal|Love,LinearNarrative,Historical,FeatureFilm,0.7333333333333334
596,Pinocchio,1940,DramaticTone,Freedom,LinearNarrative,Historical,FeatureFilm,0.7000000000000001
661,James and the Giant Peach,1996,DramaticTone|RomanticTone,Family|Love,LinearNarrative,Historical,FeatureFilm,0.7000000000000001
3753,"Patriot, The",2000,RomanticTone,Family|Love,LinearNarrative,Contemporary,FeatureFilm,0.7333333333333334
780,Independence Day (a.k.a. ID4),1996,SuspensefulTone|DramaticTone,Justice|Power,LinearNarrative,Historical,FeatureFilm,0.7000000000000001
59784,Kung Fu Panda,2008,SuspensefulTone,,LinearNarrative,Contemporary,FeatureFilm,0.5666666666666667
41566,"Chronicles of Narnia: The Lion, the Witch and the Wardrobe, The",2005,RomanticTone,Family|Love,LinearNarrative,Contemporary,FeatureFilm,0.7333333333333334
104,Happy Gilmore,1996,RomanticTone,Family|Love,EpisodicNarrative,Historical,FeatureFilm,0.7333333333333334
53125,Pirates of the Caribbean: At World's End,2007,RomanticTone,Power|Love,LinearNarrative,Contemporary,FeatureFilm,0.7333333333333334
91500,The Hunger Games,2012,SuspensefulTone,Survival|Family|Power,LinearNarrative,Contemporary,FeatureFilm,0.7666666666666666
587,Ghost,1990,RomanticTone,Power|Love,EpisodicNarrative,Historical,FeatureFilm,0.7333333333333334
2,Jumanji,1995,DramaticTone,,LinearNarrative,Historical,FeatureFilm,0.5666666666666667
33493,Star Wars: Episode III - Revenge of the Sith,2005,SuspensefulTone|RomanticTone,Family|Power|Love,LinearNarrative,Contemporary,FeatureFilm,0.7333333333333334
592,Batman,1989,DarkTone,Identity|Power,LinearNarrative,Historical,FeatureFilm,0.7333333333333334
7458,Troy,2004,RomanticTone,Family|Power|Love,LinearNarrative,Historical,FeatureFilm,0.7666666666666666
292,Outbreak,1995,SuspensefulTone,,LinearNarrative,Historical,FeatureFilm,0.5666666666666667
1994,Poltergeist,1982,DramaticTone,Family|Power|Love,LinearNarrative,Historical,FeatureFilm,0.7666666666666666
2081,"Little Mermaid, The",1989,RomanticTone,Family|Love,LinearNarrative,Historical,FeatureFilm,0.7333333333333334
1777,"Wedding Singer, The",1998,RomanticTone,Love|Family,EpisodicNarrative,Historical,FeatureFilm,0.7333333333333334
3948,Meet the Parents,2000,ComedyTone,Justice|Family,EpisodicNarrative,Contemporary,FeatureFilm,0.7333333333333334
1721,Titanic,1997,RomanticTone,Love,LinearNarrative,Historical,FeatureFilm,0.7000000000000001
1645,The Devil's Advocate,1997,DramaticTone|SuspensefulTone,Justice|Family|Love,LinearNarrative,Historical,FeatureFilm,0.7333333333333334
1370,Die Hard 2,1990,SuspensefulTone,Power,LinearNarrative,Historical,FeatureFilm,0.7000000000000001
4085,Beverly Hills Cop,1984,ComedyTone|SuspensefulTone,,LinearNarrative,Historical,FeatureFilm,0.5333333333333333
6863,School of Rock,2003,ComedyTone,,EpisodicNarrative,Contemporary,FeatureFilm,0.5666666666666667
2080,Lady and the Tramp,1955,RomanticTone,Love,LinearNarrative,Historical,FeatureFilm,0.7000000000000001
266,Legends of the Fall,1994,RomanticTone,Family|Love|Justice,LinearNarrative,Historical,FeatureFilm,0.7666666666666666
329,Star Trek: Generations,1994,DramaticTone,Love,LinearNarrative,Historical,FeatureFilm,0.7000000000000001
500,Mrs. Doubtfire,1993,RomanticTone,Love|Identity,EpisodicNarrative,Historical,FeatureFilm,0.7333333333333334
708,"Truth About Cats & Dogs, The",1996,ComedyTone,,EpisodicNarrative,Historical,FeatureFilm,0.5666666666666667
350,"Client, The",1994,SuspensefulTone,Justice|Family|Love,LinearNarrative,Historical,FeatureFilm,0.7666666666666666
2706,American Pie,1999,ComedyTone,,EpisodicNarrative,Historical,FeatureFilm,0.5666666666666667
316,Stargate,1994,SuspensefulTone,Family,LinearNarrative,Historical,FeatureFilm,0.7000000000000001
2985,RoboCop,1987,SuspensefulTone|DramaticTone,Justice,LinearNarrative,Historical,FeatureFilm,0.6666666666666666
1573,Face/Off,1997,SuspensefulTone,Family|Revenge|Freedom,NonLinearNarrative,Historical,FeatureFilm,0.7666666666666666
2012,Back to the Future Part III,1990,SuspensefulTone,Justice,LinearNarrative,Historical,FeatureFilm,0.7000000000000001
2167,Blade,1998,DramaticTone,Revenge|Power,LinearNarrative,Historical,FeatureFilm,0.7333333333333334
3489,Hook,1991,DramaticTone,Family|Identity,NonLinearNarrative,Historical,FeatureFilm,0.7333333333333334
45499,X-Men: The Last Stand,2006,DramaticTone,,LinearNarrative,Contemporary,FeatureFilm,0.5666666666666667
6365,"Matrix Reloaded, The",2003,RomanticTone,,LinearNarrative,Futuristic,FeatureFilm,0.5666666666666667
48385,Borat: Cultural Learnings of America for Make Benefit Glorious Nation of Kazakhstan,2006,ComedyTone,,EpisodicNarrative,Contemporary,FeatureFilm,0.5666666666666667
1608,Air Force One,1997,SuspensefulTone,Family,LinearNarrative,Historical,FeatureFilm,0.7000000000000001
2657,"Rocky Horror Picture Show, The",1975,DarkTone,Identity,EpisodicNarrative,Historical,FeatureFilm,0.7000000000000001
2105,Tron,1982,SuspensefulTone,Power,LinearNarrative,Historical,FeatureFilm,0.7000000000000001
4370,A.I. Artificial Intelligence,2001,RomanticTone,Love|Justice,LinearNarrative,Contemporary,FeatureFilm,0.7333333333333334
802,Phenomenon,1996,DramaticTone,Power,LinearNarrative,Historical,FeatureFilm,0.7000000000000001
3176,"Talented Mr. Ripley, The",1999,DramaticTone|SuspensefulTone,Justice|Identity|Family,LinearNarrative,Historical,FeatureFilm,0.7333333333333334
1676,Starship Troopers,1997,ComedyTone,Family,LinearNarrative,Historical,FeatureFilm,0.7000000000000001
783,"Hunchback of Notre Dame, The",1996,DramaticTone,,LinearNarrative,Historical,FeatureFilm,0.5666666666666667
216,Billy Madison,1995,DramaticTone,Family,EpisodicNarrative,Historical,FeatureFilm,0.7000000000000001
736,Twister,1996,RomanticTone,Love,LinearNarrative,Historical,FeatureFilm,0.7000000000000001
8529,"Terminal, The",2004,RomanticTone,Justice|Love,EpisodicNarrative,Contemporary,FeatureFilm,0.7333333333333334
6373,Bruce Almighty,2003,RomanticTone,Love|Power,EpisodicNarrative,Contemporary,FeatureFilm,0.7333333333333334
1101,Top Gun,1986,RomanticTone,Identity|Family|Love,LinearNarrative,Historical,FeatureFilm,0.7666666666666666
39,Clueless,1995,RomanticTone,,EpisodicNarrative,Historical,FeatureFilm,0.5666666666666667
33679,Mr. & Mrs. Smith,2005,RomanticTone,Love|Identity|Family,LinearNarrative,Contemporary,FeatureFilm,0.7666666666666666
5299,My Big Fat Greek Wedding,2002,RomanticTone|DramaticTone,Family|Justice|Love,EpisodicNarrative,Contemporary,FeatureFilm,0.7333333333333334
2302,My Cousin Vinny,1992,ComedyTone,Justice|Family|Love,EpisodicNarrative,Historical,FeatureFilm,0.7666666666666666
552,"Three Musketeers, The",1993,SuspensefulTone,,LinearNarrative,Historical,FeatureFilm,0.5666666666666667
3,Grumpier Old Men,1995,RomanticTone,,EpisodicNarrative,Historical,FeatureFilm,0.5666666666666667
145,Bad Boys,1995,SuspensefulTone,Power,LinearNarrative,Historical,FeatureFilm,0.7000000000000001
288,Natural Born Killers,1994,RomanticTone|SuspensefulTone,Family|Love,LinearNarrative,Historical,FeatureFilm,0.7000000000000001
3717,Gone in 60 Seconds,2000,SuspensefulTone,Betrayal|Family|Love,LinearNarrative,Contemporary,FeatureFilm,0.7666666666666666
317,"Santa Clause, The",1994,RomanticTone,Family|Love,EpisodicNarrative,Historical,FeatureFilm,0.7333333333333334
5679,"Ring, The",2002,SuspensefulTone,,LinearNarrative,Contemporary,FeatureFilm,0.5666666666666667
1407,Scream,1996,ComedyTone,,EpisodicNarrative,Historical,FeatureFilm,0.5666666666666667
2683,Austin Powers: The Spy Who Shagged Me,1999,ComedyTone,Power,LinearNarrative,Historical,FeatureFilm,0.7000000000000001
2694,Big Daddy,1999,ComedyTone,Justice|Family,EpisodicNarrative,Historical,FeatureFilm,0.7333333333333334
1092,Basic Instinct,1992,DarkTone,Love,LinearNarrative,Historical,FeatureFilm,0.7000000000000001
7,Sabrina,1995,RomanticTone,Family|Love,EpisodicNarrative,Historical,FeatureFilm,0.7333333333333334
367,"Mask, The",1994,ComedyTone,Identity|Power,LinearNarrative,Historical,FeatureFilm,0.7333333333333334
2001,Lethal Weapon 2,1989,RomanticTone,Love,LinearNarrative,Historical,FeatureFilm,0.7000000000000001
2470,Crocodile Dundee,1986,DramaticTone,Survival,LinearNarrative,Historical,FeatureFilm,0.7000000000000001
5502,Signs,2002,DramaticTone|SuspensefulTone,Identity|Family|Love,NonLinearNarrative,Contemporary,FeatureFilm,0.7333333333333334
5378,Star Wars: Episode II - Attack of the Clones,2002,RomanticTone|DarkTone,Power,LinearNarrative,Contemporary,FeatureFilm,0.6666666666666666
4447,Legally Blonde,2001,DarkTone,Justice|Family|Power,EpisodicNarrative,Contemporary,FeatureFilm,0.7666666666666666
6934,"Matrix Revolutions, The",2003,SuspensefulTone,,LinearNarrative,Futuristic,FeatureFilm,0.5666666666666667
34048,War of the Worlds,2005,SuspensefulTone,Survival|Justice|Family,LinearNarrative,Contemporary,FeatureFilm,0.7666666666666666
1320,Alien³ (a.k.a. Alien 3),1992,DramaticTone,Redemption|Family,LinearNarrative,Historical,FeatureFilm,0.7333333333333334
48,Pocahontas,1995,RomanticTone,Love,LinearNarrative,Historical,FeatureFilm,0.7000000000000001
1380,Grease,1978,RomanticTone,Love,EpisodicNarrative,Historical,FeatureFilm,0.7000000000000001
4018,What Women Want,2000,RomanticTone,Family|Power,EpisodicNarrative,Contemporary,FeatureFilm,0.7333333333333334
520,Robin Hood: Men in Tights,1993,ComedyTone,,EpisodicNarrative,Historical,FeatureFilm,0.5666666666666667
45447,"Da Vinci Code, The",2006,DramaticTone,Family|Power,LinearNarrative,Contemporary,FeatureFilm,0.7333333333333334
2617,"Mummy, The",1999,SuspensefulTone,Identity,NonLinearNarrative,Historical,FeatureFilm,0.7000000000000001
2424,You've Got Mail,1998,RomanticTone,Love,EpisodicNarrative,Historical,FeatureFilm,0.7000000000000001
2100,Splash,1984,ComedyTone,,EpisodicNarrative,Historical,FeatureFilm,0.5666666666666667
786,Eraser,1996,DramaticTone,Betrayal|Identity|Family,LinearNarrative,Historical,FeatureFilm,0.7666666666666666
2628,Star Wars: Episode I - The Phantom Menace,1999,SuspensefulTone,,LinearNarrative,Historical,FeatureFilm,0.5666666666666667
410,Addams Family Values,1993,RomanticTone,Family|Love,LinearNarrative,Historical,FeatureFilm,0.7333333333333334
2006,"Mask of Zorro, The",1998,SuspensefulTone,Revenge|Justice,LinearNarrative,Historical,FeatureFilm,0.7333333333333334
2539,Analyze This,1999,RomanticTone,,EpisodicNarrative,Historical,FeatureFilm,0.5666666666666667
1391,Mars Attacks!,1996,ComedyTone,,LinearNarrative,Historical,FeatureFilm,0.5666666666666667
442,Demolition Man,1993,SuspensefulTone,Betrayal|Family|Power,LinearNarrative,Historical,FeatureFilm,0.7666666666666666
653,Dragonheart,1996,DarkTone,Revenge,LinearNarrative,Historical,FeatureFilm,0.7000000000000001
3752,"Me, Myself & Irene",2000,ComedyTone,Family,LinearNarrative,Contemporary,FeatureFilm,0.7000000000000001
168,First Knight,1995,RomanticTone,Betrayal|Love,LinearNarrative,Historical,FeatureFilm,0.7333333333333334
1367,101 Dalmatians,1996,DramaticTone,,LinearNarrative,Historical,FeatureFilm,0.5666666666666667
5,Father of the Bride Part II,1995,RomanticTone,Family|Love,EpisodicNarrative,Historical,FeatureFilm,0.7333333333333334
370,Naked Gun 33 1/3: The Final Insult,1994,ComedyTone,Family,LinearNarrative,Historical,FeatureFilm,0.7000000000000001
231,Dumb & Dumber (Dumb and Dumber),1994,RomanticTone,Love,LinearNarrative,Historical,FeatureFilm,0.7000000000000001
4025,Miss Congeniality,2000,SuspensefulTone,,EpisodicNarrative,Contemporary,FeatureFilm,0.5666666666666667
1917,Armageddon,1998,RomanticTone,Family|Love,LinearNarrative,Historical,FeatureFilm,0.7333333333333334
8361,"Day After Tomorrow, The",2004,DramaticTone,,LinearNarrative,Contemporary,FeatureFilm,0.5666666666666667
344,Ace Ventura: Pet Detective,1994,ComedyTone,Love,EpisodicNarrative,Historical,FeatureFilm,0.7000000000000001
185,"Net, The",1995,SuspensefulTone,Family|Identity|Power,LinearNarrative,Historical,FeatureFilm,0.7666666666666666
434,Cliffhanger,1993,SuspensefulTone,Family,LinearNarrative,Historical,FeatureFilm,0.7000000000000001
1552,Con Air,1997,DarkTone,Family,LinearNarrative,Historical,FeatureFilm,0.7000000000000001
1485,Liar Liar,1997,RomanticTone,Justice|Family|Love,EpisodicNarrative,Historical,FeatureFilm,0.7666666666666666
1377,Batman Returns,1992,DarkTone,Power|Revenge,LinearNarrative,Historical,FeatureFilm,0.7333333333333334
95,Broken Arrow,1996,SuspensefulTone,Betrayal|Family,LinearNarrative,Historical,FeatureFilm,0.7333333333333334
2641,Superman II,1980,RomanticTone|DramaticTone,Family|Power|Love,LinearNarrative,Historical,FeatureFilm,0.7333333333333334
30793,Charlie and the Chocolate Factory,2005,RomanticTone,Love,LinearNarrative,Contemporary,FeatureFilm,0.7000000000000001
2717,Ghostbusters II,1989,ComedyTone,Justice|Family,LinearNarrative,Historical,FeatureFilm,0.7333333333333334
586,Home Alone,1990,ComedyTone,Family|Love,LinearNarrative,Historical,FeatureFilm,0.7333333333333334
5459,Men in Black II (a.k.a. MIIB) (a.k.a. MIB 2),2002,SuspensefulTone,Identity,LinearNarrative,Contemporary,FeatureFilm,0.7000000000000001
2002,Lethal Weapon 3,1992,ComedyTone|DarkTone,Family,LinearNarrative,Historical,FeatureFilm,0.6666666666666666
485,Last Action Hero,1993,DarkTone,,LinearNarrative,Historical,FeatureFilm,0.5666666666666667
3785,Scary Movie,2000,ComedyTone,,EpisodicNarrative,Contemporary,FeatureFilm,0.5666666666666667
153,Batman Forever,1995,DarkTone,Family|Power,LinearNarrative,Historical,FeatureFilm,0.7333333333333334
208,Waterworld,1995,SuspensefulTone,Survival,LinearNarrative,Historical,FeatureFilm,0.7000000000000001
160,Congo,1995,SuspensefulTone,Survival,LinearNarrative,Historical,FeatureFilm,0.7000000000000001
466,Hot Shots! Part Deux,1993,ComedyTone,Family|Freedom,LinearNarrative,Historical,FeatureFilm,0.7333333333333334
5481,Austin Powers in Goldmember,2002,ComedyTone|RomanticTone,Family|Identity|Power,LinearNarrative,Contemporary,FeatureFilm,0.7333333333333334
186,Nine Months,1995,RomanticTone,Love|Family,EpisodicNarrative,Historical,FeatureFilm,0.7333333333333334
2699,Arachnophobia,1990,ComedyTone,,EpisodicNarrative,Historical,FeatureFilm,0.5666666666666667
158,Casper,1995,ComedyTone,Justice|Family|Power,LinearNarrative,Historical,FeatureFilm,0.7666666666666666
784,"Cable Guy, The",1996,ComedyTone|DarkTone,Family,EpisodicNarrative,Historical,FeatureFilm,0.6666666666666666
2710,"Blair Witch Project, The",1999,DarkTone,Survival,LinearNarrative,Historical,FeatureFilm,0.7000000000000001
2054,"Honey, I Shrunk the Kids",1989,RomanticTone,Love,LinearNarrative,Historical,FeatureFilm,0.7000000000000001
1544,"Lost World: Jurassic Park, The",1997,SuspensefulTone|RomanticTone,Family|Love,LinearNarrative,Historical,FeatureFilm,0.7000000000000001
4643,Planet of the Apes,2001,SuspensefulTone,Family|Power|Freedom,LinearNarrative,Contemporary,FeatureFilm,0.7666666666666666
788,"Nutty Professor, The",1996,ComedyTone,Family|Love,EpisodicNarrative,Historical,FeatureFilm,0.7333333333333334
19,Ace Ventura: When Nature Calls,1995,ComedyTone,Family|Love,EpisodicNarrative,Historical,FeatureFilm,0.7333333333333334
3977,Charlie's Angels,2000,SuspensefulTone|DramaticTone,,LinearNarrative,Contemporary,FeatureFilm,0.5333333333333333
420,Beverly Hills Cop III,1994,SuspensefulTone,,LinearNarrative,Historical,FeatureFilm,0.5666666666666667
3623,Mission: Impossible II,2000,RomanticTone,Identity|Love,LinearNarrative,Contemporary,FeatureFilm,0.7333333333333334
673,Space Jam,1996,ComedyTone,,LinearNarrative,Historical,FeatureFilm,0.5666666666666667
172,Johnny Mnemonic,1995,SuspensefulTone,,LinearNarrative,Historical,FeatureFilm,0.5666666666666667
173,Judge Dredd,1995,DarkTone,Justice|Revenge|Power,LinearNarrative,Historical,FeatureFilm,0.7666666666666666
432,City Slickers II: The Legend of Curly's Gold,1994,DramaticTone,,LinearNarrative,Historical,FeatureFilm,0.5666666666666667
44,Mortal Kombat,1995,DarkTone,Power,LinearNarrative,Historical,FeatureFilm,0.7000000000000001
435,Coneheads,1993,ComedyTone,Justice|Family,EpisodicNarrative,Historical,FeatureFilm,0.7333333333333334
2701,Wild Wild West,1999,RomanticTone,Family|Power|Love,LinearNarrative,Historical,FeatureFilm,0.7666666666666666
